<?xml version="1.0" encoding="UTF-8"?>
<extentreports>
	<configuration>
		<!-- report theme -->
		<!-- standard, dark -->
		<theme>standard</theme>

		<!-- document encoding -->
		<!-- defaults to UTF-8 -->
		<encoding>UTF-8</encoding>

		<!-- enable or disable timeline on dashboard -->
		<enableTimeline>true</enableTimeline>

		<!-- protocol for script and stylesheets -->
		<!-- defaults to https -->
		<protocol>https</protocol>

		<!-- title of the document -->
		<documentTitle>ALD CCS Automation Results</documentTitle>

		<!-- report name - displayed at top-nav -->
		<reportName>ALD CCS Automation Execution Status Report</reportName>

		<!-- timestamp format -->
		<timeStampFormat>MMM dd, yyyy HH:mm:ss</timeStampFormat>
		
		<!-- settings to enable/disable views -->
		<enableCategoryView>true</enableCategoryView>
		<enableAuthorView>false</enableAuthorView>
		<enableExceptionView>true</enableExceptionView>
		<enableTestRunnerLogsView>true</enableTestRunnerLogsView>

		<!-- custom javascript -->
		<scripts>
            <![CDATA[
                $(document).ready(function() {
                    
                });
            ]]>
		</scripts>

		<!-- custom styles -->
		<styles>
            <![CDATA[
                
            ]]>
		</styles>
	</configuration>
</extentreports>