<?xml version="1.0" encoding="UTF-8"?>
<!DOCTYPE suite SYSTEM "http://testng.org/testng-1.0.dtd">
<suite name="Suite">
<test name="Carpooling Tests">
		<classes>
			<class name="com.CucumberOptions.TestRunner" />
		</classes>
	</test>


<!--  Cross Browser -->
	<!-- <test name="ChromeBrowserTests">
	<parameter name="browserName" value="chrome"
		<classes>
			<class name="com.CucumberOptions.TestRunner" />
		</classes>
	</test> -->
	<!--  <test name="FirefoxBrowserTests">
	<parameter name="browserName" value="firefox"
		<classes>
			<class name="com.CucumberOptions.TestRunner" />
		</classes>
	</test>-->
	<!--  <test name="IEBrowserTests">
	<parameter name="browserName" value="ie"
		<classes>
			<class name="com.CucumberOptions.TestRunner" />
		</classes>
	</test>-->

	<listeners>
		<listener class-name="com.ALD.Listeners.ITestListenerImpl"></listener>
	</listeners>
</suite> 
